INSERT INTO users (id, display_name, goal_json, created_at) VALUES
('0196bb0d-c61e-705a-861a-638ddf77ae68', 'anonymous', NULL, '2025-05-10 16:36:04'),
('0196bcdb-3ee2-77d1-bc65-36ed14cf441e', 'anonymous', NULL, '2025-05-11 01:00:07'),
('0196bf01-0764-7586-8440-eadd1983d233', 'anonymous', NULL, '2025-05-11 11:00:37');

INSERT INTO user_devices (device_id, user_id, platform, linked_at) VALUES
('0DA7A16E-C9CC-4F20-B28D-A449E5034E0E', '0196bb0d-c61e-705a-861a-638ddf77ae68', 'unknown', '2025-05-10 16:36:04'),
('328D62FD-9D39-4F25-867E-7772AC3308E5', '0196bcdb-3ee2-77d1-bc65-36ed14cf441e', 'unknown', '2025-05-11 01:00:07'),
('B785C232-2644-472D-A654-6F0A07088268', '0196bf01-0764-7586-8440-eadd1983d233', 'unknown', '2025-05-11 11:00:38');

INSERT INTO workout_sets (id, user_id, exercise_id, set_number, reps, weight, notes, performed_at, rpe, rest_sec, created_at, updated_at) VALUES
('0196c835-ac68-763e-a563-a1c0ba4e335c', '0196bb0d-c61e-705a-861a-638ddf77ae68', '3a60bb2d-48a0-4409-81c9-102999355d73', 1, 5, 20, NULL, '2025-05-13T05:54:42.920Z', NULL, NULL, '2025-05-13 06:29:52', '2025-05-13 06:29:52'),
('0196c838-a259-744c-8a20-0e879ef7f9ce', '0196bb0d-c61e-705a-861a-638ddf77ae68', '3a60bb2d-48a0-4409-81c9-102999355d73', 1, 10, 55, NULL, '2025-05-13T05:57:56.953Z', NULL, NULL, '2025-05-13 06:29:52', '2025-05-13 06:29:52'),
('0196c83d-05c5-754f-8db5-b8e1f9fb6622', '0196bb0d-c61e-705a-861a-638ddf77ae68', '3a60bb2d-48a0-4409-81c9-102999355d73', 1, 10, 55, NULL, '2025-05-13T06:02:44.549Z', NULL, NULL, '2025-05-13 06:29:52', '2025-05-13 06:29:52'),
('0196c843-9def-779d-9b86-29b0836c2961', '0196bb0d-c61e-705a-861a-638ddf77ae68', '3a60bb2d-48a0-4409-81c9-102999355d73', 1, 10, 55, NULL, '2025-05-13T06:09:56.719Z', NULL, NULL, '2025-05-13 06:29:52', '2025-05-13 06:29:52'),
('0196c843-eca7-7765-893e-b0e41367d34a', '0196bb0d-c61e-705a-861a-638ddf77ae68', 'e21bd027-0b23-4d33-a6b0-29e2f878cd75', 1, 5, 20, NULL, '2025-05-13T06:10:16.871Z', NULL, NULL, '2025-05-13 06:29:52', '2025-05-13 06:29:52'),
('0196c848-e29f-752a-ac6d-3bb292fbb3f1', '0196bb0d-c61e-705a-861a-638ddf77ae68', 'e21bd027-0b23-4d33-a6b0-29e2f878cd75', 1, 10, 52.5, NULL, '2025-05-13T06:15:41.983Z', NULL, NULL, '2025-05-13 06:29:52', '2025-05-13 06:29:52'),
('0196c84d-e7c2-7739-a0e3-80d1b5b5d9ab', '0196bb0d-c61e-705a-861a-638ddf77ae68', 'e21bd027-0b23-4d33-a6b0-29e2f878cd75', 1, 10, 52.5, NULL, '2025-05-13T06:21:10.978Z', NULL, NULL, '2025-05-13 06:29:52', '2025-05-13 06:29:52'),
('0196c854-dc73-7659-8f1f-843d04a49371', '0196bb0d-c61e-705a-861a-638ddf77ae68', 'e21bd027-0b23-4d33-a6b0-29e2f878cd75', 1, 10, 52.5, NULL, '2025-05-13T06:28:46.835Z', NULL, NULL, '2025-05-13 06:29:52', '2025-05-13 06:29:52'),
('0196ce77-91e1-73b6-9128-d70d1ac938ee', '0196bcdb-3ee2-77d1-bc65-36ed14cf441e', '437c3738-b98d-4647-badf-2800da6653e8', 1, 10, 20, NULL, '2025-05-14T11:04:24.801Z', NULL, NULL, '2025-05-14 11:11:35', '2025-05-14 11:11:35'),
('0196ce78-9a20-75db-b568-73e6a7be0a3c', '0196bcdb-3ee2-77d1-bc65-36ed14cf441e', '437c3738-b98d-4647-badf-2800da6653e8', 1, 10, 60, NULL, '2025-05-14T11:05:32.448Z', NULL, NULL, '2025-05-14 11:11:35', '2025-05-14 11:11:35'),
('0196ce7b-acdd-75ed-92d2-edce9dc12c03', '0196bcdb-3ee2-77d1-bc65-36ed14cf441e', '437c3738-b98d-4647-badf-2800da6653e8', 1, 7, 70, NULL, '2025-05-14T11:08:53.853Z', NULL, NULL, '2025-05-14 11:11:35', '2025-05-14 11:11:35'),
('0196ce7e-255d-75f3-bfa6-48d50e342992', '0196bcdb-3ee2-77d1-bc65-36ed14cf441e', '437c3738-b98d-4647-badf-2800da6653e8', 1, 1, 70, NULL, '2025-05-14T11:11:35.773Z', NULL, NULL, '2025-05-14 11:11:35', '2025-05-14 11:11:35'),
('0196cd6c-03a9-73aa-badb-443b14b97c3b', '0196bb0d-c61e-705a-861a-638ddf77ae68', '437c3738-b98d-4647-badf-2800da6653e8', 1, 9, 67.5, NULL, '2025-05-14T06:12:10.281Z', NULL, NULL, '2025-05-14 16:26:44', '2025-05-14 16:26:44'),
('0196cd71-3782-737f-a85d-5e21c743c9ed', '0196bb0d-c61e-705a-861a-638ddf77ae68', '437c3738-b98d-4647-badf-2800da6653e8', 1, 9, 67.5, NULL, '2025-05-14T06:17:51.234Z', NULL, NULL, '2025-05-14 16:26:44', '2025-05-14 16:26:44'),
('0196cd79-518d-708a-bc2d-ab9c7f475275', '0196bb0d-c61e-705a-861a-638ddf77ae68', '437c3738-b98d-4647-badf-2800da6653e8', 1, 8, 67.5, NULL, '2025-05-14T06:26:42.189Z', NULL, NULL, '2025-05-14 16:26:44', '2025-05-14 16:26:44'),
('0196cd7b-9217-7365-ac1a-0bbf74a8abd7', '0196bb0d-c61e-705a-861a-638ddf77ae68', '14d4665b-6f3b-4c78-afb4-9a466a97a6d0', 1, 10, 62, NULL, '2025-05-14T06:29:09.783Z', NULL, NULL, '2025-05-14 16:26:44', '2025-05-14 16:26:44'),
('0196cd7f-6a06-71ee-b184-e46863fa40fe', '0196bb0d-c61e-705a-861a-638ddf77ae68', '14d4665b-6f3b-4c78-afb4-9a466a97a6d0', 1, 10, 62, NULL, '2025-05-14T06:33:21.670Z', NULL, NULL, '2025-05-14 16:26:44', '2025-05-14 16:26:44'),
('0196cd83-e86f-74ea-9569-e4086e14a8fe', '0196bb0d-c61e-705a-861a-638ddf77ae68', '14d4665b-6f3b-4c78-afb4-9a466a97a6d0', 1, 10, 62, NULL, '2025-05-14T06:38:16.175Z', NULL, NULL, '2025-05-14 16:26:44', '2025-05-14 16:26:44'),
('0196cd85-6c0d-7272-8497-b5d48fac3308', '0196bb0d-c61e-705a-861a-638ddf77ae68', 'e3d0acd9-5573-4db5-af8c-4a9fa5f60437', 1, 12, 16, NULL, '2025-05-14T06:39:55.405Z', NULL, NULL, '2025-05-14 16:26:44', '2025-05-14 16:26:44'),
('0196cd87-2b2a-77a0-97c2-6f6945c43269', '0196bb0d-c61e-705a-861a-638ddf77ae68', 'e3d0acd9-5573-4db5-af8c-4a9fa5f60437', 1, 12, 16, NULL, '2025-05-14T06:41:49.866Z', NULL, NULL, '2025-05-14 16:26:44', '2025-05-14 16:26:44'),
('0196cd89-3443-752f-8fb4-1a77cc403ab3', '0196bb0d-c61e-705a-861a-638ddf77ae68', 'e3d0acd9-5573-4db5-af8c-4a9fa5f60437', 1, 12, 16, NULL, '2025-05-14T06:44:03.267Z', NULL, NULL, '2025-05-14 16:26:44', '2025-05-14 16:26:44'),
('0196cf9d-e36a-7449-8bf6-b4656b05706d', '0196bb0d-c61e-705a-861a-638ddf77ae68', '47062dbe-d70f-4477-9734-2bcd6c05e662', 1, 10, 18, NULL, '2025-05-14T16:25:53.037Z', 7, NULL, '2025-05-14 16:26:44', '2025-05-14 16:26:44'),
('0196cf9d-f7ea-7648-86f5-a1d1d0fd7482', '0196bb0d-c61e-705a-861a-638ddf77ae68', '47062dbe-d70f-4477-9734-2bcd6c05e662', 1, 10, 18, NULL, '2025-05-14T16:25:58.262Z', 10, NULL, '2025-05-14 16:26:44', '2025-05-14 16:26:44'),
('0196cf9e-0ac1-77af-9c92-d1aaf2c59d7b', '0196bb0d-c61e-705a-861a-638ddf77ae68', '47062dbe-d70f-4477-9734-2bcd6c05e662', 1, 10, 18, NULL, '2025-05-14T16:26:03.127Z', 10, NULL, '2025-05-14 16:26:44', '2025-05-14 16:26:44'),
('0196cf9e-674a-765e-8128-3a193f80ad5a', '0196bb0d-c61e-705a-861a-638ddf77ae68', '5641b19d-1acf-4e59-8a00-bbde7077c8c1', 1, 10, 27.5, NULL, '2025-05-14T16:26:26.785Z', 8, NULL, '2025-05-14 16:26:44', '2025-05-14 16:26:44'),
('0196cf9e-7e37-772f-9562-4cd3423feb34', '0196bb0d-c61e-705a-861a-638ddf77ae68', '5641b19d-1acf-4e59-8a00-bbde7077c8c1', 1, 10, 27.5, NULL, '2025-05-14T16:26:32.653Z', 10, NULL, '2025-05-14 16:26:44', '2025-05-14 16:26:44'),
('0196cf9e-95fc-743a-bd03-662abaf90a08', '0196bb0d-c61e-705a-861a-638ddf77ae68', '5641b19d-1acf-4e59-8a00-bbde7077c8c1', 1, 10, 27.5, NULL, '2025-05-14T16:26:38.763Z', 10, NULL, '2025-05-14 16:26:44', '2025-05-14 16:26:44'),
('0196d3ef-44dd-721f-bc96-439f14504c34', '0196bf01-0764-7586-8440-eadd1983d233', '437c3738-b98d-4647-badf-2800da6653e8', 1, 10, 40, NULL, '2025-05-15T12:33:15.281Z', NULL, NULL, '2025-05-15 12:39:20', '2025-05-15 12:39:20'),
('0196d3f2-5b86-770c-89e6-26c2f04e3a5e', '0196bf01-0764-7586-8440-eadd1983d233', '437c3738-b98d-4647-badf-2800da6653e8', 1, 10, 40, NULL, '2025-05-15T12:36:37.392Z', 10, NULL, '2025-05-15 12:39:20', '2025-05-15 12:39:20'),
('0196d3f4-b013-72fb-b904-deabd031b1de', '0196bf01-0764-7586-8440-eadd1983d233', '437c3738-b98d-4647-badf-2800da6653e8', 1, 10, 40, NULL, '2025-05-15T12:39:10.069Z', 10, NULL, '2025-05-15 12:39:20', '2025-05-15 12:39:20'),
('0196d3f9-322a-71fe-9780-a502a4c1eb55', '0196bf01-0764-7586-8440-eadd1983d233', '437c3738-b98d-4647-badf-2800da6653e8', 1, 10, 65, NULL, '2025-05-15T12:44:05.840Z', 8, NULL, '2025-05-15 13:01:03', '2025-05-15 13:01:03'),
('0196d3fb-a196-73a8-b64f-06006662d2bc', '0196bf01-0764-7586-8440-eadd1983d233', '437c3738-b98d-4647-badf-2800da6653e8', 1, 10, 65, NULL, '2025-05-15T12:46:45.146Z', 8, NULL, '2025-05-15 13:01:03', '2025-05-15 13:01:03'),
('0196d3fd-41b0-73e7-9dd0-1108a0bf9531', '0196bf01-0764-7586-8440-eadd1983d233', '437c3738-b98d-4647-badf-2800da6653e8', 1, 10, 20, NULL, '2025-05-15T12:48:31.916Z', 7, NULL, '2025-05-15 13:01:03', '2025-05-15 13:01:03'),
('0196d3ff-5138-721c-9cc9-e1825431517e', '0196bf01-0764-7586-8440-eadd1983d233', '437c3738-b98d-4647-badf-2800da6653e8', 1, 10, 20, NULL, '2025-05-15T12:50:46.734Z', 10, NULL, '2025-05-15 13:01:03', '2025-05-15 13:01:03'),
('0196d401-9098-7224-b0c3-6fb9c3b7fceb', '0196bf01-0764-7586-8440-eadd1983d233', '437c3738-b98d-4647-badf-2800da6653e8', 1, 9, 20, NULL, '2025-05-15T12:53:14.058Z', 10, NULL, '2025-05-15 13:01:03', '2025-05-15 13:01:03'),
('0196d403-f4cb-722f-ac23-e1bfb86800f8', '0196bf01-0764-7586-8440-eadd1983d233', 'f37f0c6f-bd6a-4df3-9d10-dae2db0e6d92', 1, 10, 42, NULL, '2025-05-15T12:55:51.027Z', 8, NULL, '2025-05-15 13:01:03', '2025-05-15 13:01:03'),
('0196d406-4995-704b-a9f3-12274280d913', '0196bf01-0764-7586-8440-eadd1983d233', 'f37f0c6f-bd6a-4df3-9d10-dae2db0e6d92', 1, 10, 42, NULL, '2025-05-15T12:58:23.529Z', 9, NULL, '2025-05-15 13:01:03', '2025-05-15 13:01:03'),
('0196d408-822f-7420-a60f-d62a8ae6ce49', '0196bf01-0764-7586-8440-eadd1983d233', 'f37f0c6f-bd6a-4df3-9d10-dae2db0e6d92', 1, 9, 42, NULL, '2025-05-15T13:00:49.127Z', 10, NULL, '2025-05-15 13:01:03', '2025-05-15 13:01:03'),
('0196d7f1-31f9-7068-9ecc-0a3fcc221302', '0196bb0d-c61e-705a-861a-638ddf77ae68', '3a60bb2d-48a0-4409-81c9-102999355d73', 1, 5, 20, NULL, '2025-05-16T07:13:50.204Z', 0, NULL, '2025-05-16 07:13:50', '2025-05-16 07:13:50'),
('0196d7f3-b77a-7179-aa74-4d4deb123ef2', '0196bb0d-c61e-705a-861a-638ddf77ae68', '3a60bb2d-48a0-4409-81c9-102999355d73', 1, 10, 57.5, NULL, '2025-05-16T07:16:35.583Z', 9, NULL, '2025-05-16 07:16:36', '2025-05-16 07:16:36'),
('0196d7f9-37d0-76af-a6d7-1fb24688b0a8', '0196bb0d-c61e-705a-861a-638ddf77ae68', '3a60bb2d-48a0-4409-81c9-102999355d73', 1, 10, 57.5, NULL, '2025-05-16T07:22:34.844Z', 9, NULL, '2025-05-16 07:22:36', '2025-05-16 07:22:36'),
('0196d7fe-0751-710b-b1ba-883d34b1fd7d', '0196bb0d-c61e-705a-861a-638ddf77ae68', '3a60bb2d-48a0-4409-81c9-102999355d73', 1, 10, 57.5, NULL, '2025-05-16T07:27:51.408Z', 10, NULL, '2025-05-16 07:27:51', '2025-05-16 07:27:51'),
('0196d801-4154-75c0-b9a6-e837a687e238', '0196bb0d-c61e-705a-861a-638ddf77ae68', '14d4665b-6f3b-4c78-afb4-9a466a97a6d0', 1, 10, 63, NULL, '2025-05-16T07:31:22.919Z', 6, NULL, '2025-05-16 07:31:23', '2025-05-16 07:31:23'),
('0196d804-9fce-736f-a233-6177da48e0e0', '0196bb0d-c61e-705a-861a-638ddf77ae68', '14d4665b-6f3b-4c78-afb4-9a466a97a6d0', 1, 10, 63, NULL, '2025-05-16T07:35:03.430Z', 8, NULL, '2025-05-16 07:35:04', '2025-05-16 07:35:04'),
('0196d808-8442-70de-9936-8923d964fd0f', '0196bb0d-c61e-705a-861a-638ddf77ae68', '14d4665b-6f3b-4c78-afb4-9a466a97a6d0', 1, 10, 60, NULL, '2025-05-16T07:39:17.186Z', 10, NULL, '2025-05-16 07:39:19', '2025-05-16 07:39:19'),
('0196d80b-18f6-70ac-8f77-a97e59fd4302', '0196bb0d-c61e-705a-861a-638ddf77ae68', '47062dbe-d70f-4477-9734-2bcd6c05e662', 1, 10, 18, NULL, '2025-05-16T07:42:07.499Z', 8, NULL, '2025-05-16 07:42:08', '2025-05-16 07:42:08'),
('0196d80d-359f-72cd-8613-419b5ac4237c', '0196bb0d-c61e-705a-861a-638ddf77ae68', '47062dbe-d70f-4477-9734-2bcd6c05e662', 1, 10, 18, NULL, '2025-05-16T07:44:26.362Z', 10, NULL, '2025-05-16 07:44:26', '2025-05-16 07:44:26'),
('0196d810-aba9-778b-91ee-71f2c4fd0478', '0196bb0d-c61e-705a-861a-638ddf77ae68', '47062dbe-d70f-4477-9734-2bcd6c05e662', 1, 10, 18, NULL, '2025-05-16T07:48:12.857Z', 10, NULL, '2025-05-16 07:48:13', '2025-05-16 07:48:13'),
('0196d814-8cf2-760a-b4a4-5c255a107548', '0196bb0d-c61e-705a-861a-638ddf77ae68', '47e2c2aa-5bce-44c7-9ec7-d596cb8f1791', 1, 15, 1, NULL, '2025-05-16T07:52:27.389Z', 8, NULL, '2025-05-16 07:52:27', '2025-05-16 07:52:27'),
('0196d817-afec-718e-9a27-e4fe2ce57142', '0196bb0d-c61e-705a-861a-638ddf77ae68', '47e2c2aa-5bce-44c7-9ec7-d596cb8f1791', 1, 18, 1, NULL, '2025-05-16T07:55:51.464Z', 9, NULL, '2025-05-16 07:55:53', '2025-05-16 07:55:53');
